encoder,case_id,primitive_id,image_id,provenance,source_similarity,target_similarity,semantic_margin,progress,endpoint_dynamic_range,text_axis_norm,image_delta_text_alignment,orthogonal_ratio
clip,ball_color_seed_20260914,weighted_training_ball_color,source,SOURCE INPUT,0.237641379237175,0.19576022028923035,-0.04188115894794464,0.0,0.08701740205287933,0.5048668384552002,0.0,0.0
clip,ball_color_seed_20260914,weighted_training_ball_color,oracle_0.2,MODEL-GENERATED PIXEL-ORACLE DIAGNOSTIC,0.22719895839691162,0.26207107305526733,0.03487211465835571,0.8820450305938721,0.08701740205287933,0.5048668384552002,0.2631201148033142,0.9647631049156189
clip,ball_color_seed_20260914,weighted_training_ball_color,oracle_0.5,MODEL-GENERATED PIXEL-ORACLE DIAGNOSTIC,0.2280919998884201,0.26933592557907104,0.04124392569065094,0.9552695751190186,0.08701740205287933,0.5048668384552002,0.2777591943740845,0.9606507420539856
clip,ball_color_seed_20260914,weighted_training_ball_color,oracle_0.8,MODEL-GENERATED PIXEL-ORACLE DIAGNOSTIC,0.2237178534269333,0.2669169306755066,0.0431990772485733,0.977738082408905,0.08701740205287933,0.5048668384552002,0.2777615487575531,0.9606500267982483
clip,ball_color_seed_20260914,weighted_training_ball_color,full,MODEL-GENERATED NATIVE FULL,0.22287338972091675,0.26800963282585144,0.04513624310493469,0.9999999403953552,0.08701740205287933,0.5048668384552002,0.2703234851360321,0.9627695679664612
siglip,ball_color_seed_20260914,weighted_training_ball_color,source,SOURCE INPUT,0.163644939661026,0.11426891386508942,-0.049376025795936584,0.0,0.11465666443109512,0.5341532826423645,0.0,0.0
siglip,ball_color_seed_20260914,weighted_training_ball_color,oracle_0.2,MODEL-GENERATED PIXEL-ORACLE DIAGNOSTIC,0.10207246243953705,0.15482079982757568,0.052748337388038635,0.8906970620155334,0.11465666443109512,0.5341532826423645,0.3862324059009552,0.9224014282226562
siglip,ball_color_seed_20260914,weighted_training_ball_color,oracle_0.5,MODEL-GENERATED PIXEL-ORACLE DIAGNOSTIC,0.100182443857193,0.16153395175933838,0.061351507902145386,0.9657312631607056,0.11465666443109512,0.5341532826423645,0.41137707233428955,0.9114652276039124
siglip,ball_color_seed_20260914,weighted_training_ball_color,oracle_0.8,MODEL-GENERATED PIXEL-ORACLE DIAGNOSTIC,0.09470216929912567,0.1565553843975067,0.06185321509838104,0.9701070189476013,0.11465666443109512,0.5341532826423645,0.37507253885269165,0.9269954562187195
siglip,ball_color_seed_20260914,weighted_training_ball_color,full,MODEL-GENERATED NATIVE FULL,0.08851059526205063,0.15379123389720917,0.06528063863515854,0.9999999403953552,0.11465666443109512,0.5341532826423645,0.3776822090148926,0.9259352684020996
